time_s,voltage_v
-2.507812500000e-03,2.452261000000e+00
-2.505278100000e-03,2.452261000000e+00
-2.502743700000e-03,2.452261000000e+00
-2.500209300000e-03,1.326633000000e+00
-2.497674900000e-03,-4.020100000000e-02
-2.495140500000e-03,-4.020100000000e-02
-2.492606100000e-03,-4.020100000000e-02
-2.490071700000e-03,-4.020100000000e-02
-2.487537300000e-03,-4.020100000000e-02
-2.485002900000e-03,-4.020100000000e-02
-2.482468500000e-03,-4.020100000000e-02
-2.479934100000e-03,-4.020100000000e-02
-2.477399700000e-03,0.000000000000e+00
-2.474865300000e-03,-4.020100000000e-02
-2.472330900000e-03,-4.020100000000e-02
-2.469796500000e-03,0.000000000000e+00
-2.467262100000e-03,-4.020100000000e-02
-2.464727700000e-03,-4.020100000000e-02
-2.462193300000e-03,-4.020100000000e-02
-2.459658900000e-03,-4.020100000000e-02
-2.457124500000e-03,-4.020100000000e-02
-2.454590100000e-03,-4.020100000000e-02
-2.452055700000e-03,-4.020100000000e-02
-2.449521300000e-03,-4.020100000000e-02
-2.446986900000e-03,-4.020100000000e-02
-2.444452500000e-03,-4.020100000000e-02
-2.441918100000e-03,-4.020100000000e-02
-2.439383700000e-03,-4.020100000000e-02
-2.436849300000e-03,-4.020100000000e-02
-2.434314900000e-03,-4.020100000000e-02
-2.431780500000e-03,-4.020100000000e-02
-2.429246100000e-03,-4.020100000000e-02
-2.426711700000e-03,-4.020100000000e-02
-2.424177300000e-03,-4.020100000000e-02
-2.421642900000e-03,-4.020100000000e-02
-2.419108500000e-03,-4.020100000000e-02
-2.416574100000e-03,-4.020100000000e-02
-2.414039700000e-03,-4.020100000000e-02
-2.411505300000e-03,-4.020100000000e-02
-2.408970900000e-03,-4.020100000000e-02
-2.406436500000e-03,-4.020100000000e-02
-2.403902100000e-03,-4.020100000000e-02
-2.401367700000e-03,-4.020100000000e-02
-2.398833300000e-03,-4.020100000000e-02
-2.396298900000e-03,0.000000000000e+00
-2.393764500000e-03,-4.020100000000e-02
-2.391230100000e-03,-4.020100000000e-02
-2.388695700000e-03,-4.020100000000e-02
-2.386161300000e-03,-4.020100000000e-02
-2.383626900000e-03,-4.020100000000e-02
-2.381092500000e-03,-4.020100000000e-02
-2.378558100000e-03,0.000000000000e+00
-2.376023700000e-03,-4.020100000000e-02
-2.373489300000e-03,-4.020100000000e-02
-2.370954900000e-03,-4.020100000000e-02
-2.368420500000e-03,-4.020100000000e-02
-2.365886100000e-03,-4.020100000000e-02
-2.363351700000e-03,-4.020100000000e-02
-2.360817300000e-03,-4.020100000000e-02
-2.358282900000e-03,-4.020100000000e-02
-2.355748500000e-03,-4.020100000000e-02
-2.353214100000e-03,-4.020100000000e-02
-2.350679700000e-03,-4.020100000000e-02
-2.348145300000e-03,-4.020100000000e-02
-2.345610900000e-03,-4.020100000000e-02
-2.343076500000e-03,-4.020100000000e-02
-2.340542100000e-03,-4.020100000000e-02
-2.338007700000e-03,-4.020100000000e-02
-2.335473300000e-03,-4.020100000000e-02
-2.332938900000e-03,-4.020100000000e-02
-2.330404500000e-03,0.000000000000e+00
-2.327870100000e-03,-4.020100000000e-02
-2.325335700000e-03,-4.020100000000e-02
-2.322801300000e-03,-4.020100000000e-02
-2.320266900000e-03,-4.020100000000e-02
-2.317732500000e-03,-4.020100000000e-02
-2.315198100000e-03,-4.020100000000e-02
-2.312663700000e-03,-4.020100000000e-02
-2.310129300000e-03,-4.020100000000e-02
-2.307594900000e-03,-4.020100000000e-02
-2.305060500000e-03,-4.020100000000e-02
-2.302526100000e-03,-4.020100000000e-02
-2.299991700000e-03,-4.020100000000e-02
-2.297457300000e-03,-4.020100000000e-02
-2.294922900000e-03,-4.020100000000e-02
-2.292388500000e-03,0.000000000000e+00
-2.289854100000e-03,-4.020100000000e-02
-2.287319700000e-03,-4.020100000000e-02
-2.284785300000e-03,-4.020100000000e-02
-2.282250900000e-03,-4.020100000000e-02
-2.279716500000e-03,-4.020100000000e-02
-2.277182100000e-03,-4.020100000000e-02
-2.274647700000e-03,-4.020100000000e-02
-2.272113300000e-03,-4.020100000000e-02
-2.269578900000e-03,-4.020100000000e-02
-2.267044500000e-03,-4.020100000000e-02
-2.264510100000e-03,-4.020100000000e-02
-2.261975700000e-03,-4.020100000000e-02
-2.259441300000e-03,-4.020100000000e-02
-2.256906900000e-03,0.000000000000e+00
-2.254372500000e-03,-4.020100000000e-02
-2.251838100000e-03,-4.020100000000e-02
-2.249303700000e-03,-4.020100000000e-02
-2.246769300000e-03,-4.020100000000e-02
-2.244234900000e-03,-4.020100000000e-02
-2.241700500000e-03,-4.020100000000e-02
-2.239166100000e-03,-4.020100000000e-02
-2.236631700000e-03,-4.020100000000e-02
-2.234097300000e-03,-4.020100000000e-02
-2.231562900000e-03,-4.020100000000e-02
-2.229028500000e-03,-4.020100000000e-02
-2.226494100000e-03,-4.020100000000e-02
-2.223959700000e-03,-4.020100000000e-02
-2.221425300000e-03,-4.020100000000e-02
-2.218890900000e-03,-4.020100000000e-02
-2.216356500000e-03,-4.020100000000e-02
-2.213822100000e-03,-4.020100000000e-02
-2.211287700000e-03,-4.020100000000e-02
-2.208753300000e-03,-4.020100000000e-02
-2.206218900000e-03,-4.020100000000e-02
-2.203684500000e-03,-4.020100000000e-02
-2.201150100000e-03,0.000000000000e+00
-2.198615700000e-03,-4.020100000000e-02
-2.196081300000e-03,-4.020100000000e-02
-2.193546900000e-03,-4.020100000000e-02
-2.191012500000e-03,-4.020100000000e-02
-2.188478100000e-03,-4.020100000000e-02
-2.185943700000e-03,-4.020100000000e-02
-2.183409300000e-03,-4.020100000000e-02
-2.180874900000e-03,-4.020100000000e-02
-2.178340500000e-03,-4.020100000000e-02
-2.175806100000e-03,-4.020100000000e-02
-2.173271700000e-03,-4.020100000000e-02
-2.170737300000e-03,-4.020100000000e-02
-2.168202900000e-03,-4.020100000000e-02
-2.165668500000e-03,-4.020100000000e-02
-2.163134100000e-03,-4.020100000000e-02
-2.160599700000e-03,-4.020100000000e-02
-2.158065300000e-03,-4.020100000000e-02
-2.155530900000e-03,-4.020100000000e-02
-2.152996500000e-03,-4.020100000000e-02
-2.150462100000e-03,-4.020100000000e-02
-2.147927700000e-03,-4.020100000000e-02
-2.145393300000e-03,-4.020100000000e-02
-2.142858900000e-03,-4.020100000000e-02
-2.140324500000e-03,-4.020100000000e-02
-2.137790100000e-03,-4.020100000000e-02
-2.135255700000e-03,-4.020100000000e-02
-2.132721300000e-03,-4.020100000000e-02
-2.130186900000e-03,-8.040200000000e-02
-2.127652500000e-03,-4.020100000000e-02
-2.125118100000e-03,-4.020100000000e-02
-2.122583700000e-03,-4.020100000000e-02
-2.120049300000e-03,-4.020100000000e-02
-2.117514900000e-03,0.000000000000e+00
-2.114980500000e-03,-4.020100000000e-02
-2.112446100000e-03,-4.020100000000e-02
-2.109911700000e-03,-4.020100000000e-02
-2.107377300000e-03,-4.020100000000e-02
-2.104842900000e-03,-4.020100000000e-02
-2.102308500000e-03,-4.020100000000e-02
-2.099774100000e-03,-4.020100000000e-02
-2.097239700000e-03,-4.020100000000e-02
-2.094705300000e-03,-4.020100000000e-02
-2.092170900000e-03,-4.020100000000e-02
-2.089636500000e-03,-4.020100000000e-02
-2.087102100000e-03,-4.020100000000e-02
-2.084567700000e-03,-4.020100000000e-02
-2.082033300000e-03,-4.020100000000e-02
-2.079498900000e-03,-4.020100000000e-02
-2.076964500000e-03,-4.020100000000e-02
-2.074430100000e-03,-4.020100000000e-02
-2.071895700000e-03,-4.020100000000e-02
-2.069361300000e-03,-4.020100000000e-02
-2.066826900000e-03,-4.020100000000e-02
-2.064292500000e-03,-4.020100000000e-02
-2.061758100000e-03,-4.020100000000e-02
-2.059223700000e-03,-4.020100000000e-02
-2.056689300000e-03,-4.020100000000e-02
-2.054154900000e-03,-4.020100000000e-02
-2.051620500000e-03,-4.020100000000e-02
-2.049086100000e-03,-4.020100000000e-02
-2.046551700000e-03,-4.020100000000e-02
-2.044017300000e-03,-4.020100000000e-02
-2.041482900000e-03,-4.020100000000e-02
-2.038948500000e-03,-4.020100000000e-02
-2.036414100000e-03,-4.020100000000e-02
-2.033879700000e-03,-4.020100000000e-02
-2.031345300000e-03,-4.020100000000e-02
-2.028810900000e-03,-4.020100000000e-02
-2.026276500000e-03,-4.020100000000e-02
-2.023742100000e-03,-4.020100000000e-02
-2.021207700000e-03,-4.020100000000e-02
-2.018673300000e-03,-4.020100000000e-02
-2.016138900000e-03,-4.020100000000e-02
-2.013604500000e-03,-4.020100000000e-02
-2.011070100000e-03,-4.020100000000e-02
-2.008535700000e-03,-4.020100000000e-02
-2.006001300000e-03,-4.020100000000e-02
-2.003466900000e-03,-4.020100000000e-02
-2.000932500000e-03,-4.020100000000e-02
-1.998398100000e-03,2.452261000000e+00
-1.995863700000e-03,2.452261000000e+00
-1.993329300000e-03,2.452261000000e+00
-1.990794900000e-03,2.452261000000e+00
-1.988260500000e-03,2.452261000000e+00
-1.985726100000e-03,2.492462000000e+00
-1.983191700000e-03,2.452261000000e+00
-1.980657300000e-03,2.452261000000e+00
-1.978122900000e-03,2.452261000000e+00
-1.975588500000e-03,2.452261000000e+00
-1.973054100000e-03,2.452261000000e+00
-1.970519700000e-03,2.452261000000e+00
-1.967985300000e-03,2.452261000000e+00
-1.965450900000e-03,2.452261000000e+00
-1.962916500000e-03,2.452261000000e+00
-1.960382100000e-03,2.452261000000e+00
-1.957847700000e-03,2.452261000000e+00
-1.955313300000e-03,2.452261000000e+00
-1.952778900000e-03,2.452261000000e+00
-1.950244500000e-03,2.452261000000e+00
-1.947710100000e-03,2.452261000000e+00
-1.945175700000e-03,2.452261000000e+00
-1.942641300000e-03,2.452261000000e+00
-1.940106900000e-03,2.452261000000e+00
-1.937572500000e-03,2.452261000000e+00
-1.935038100000e-03,2.452261000000e+00
-1.932503700000e-03,2.452261000000e+00
-1.929969300000e-03,2.452261000000e+00
-1.927434900000e-03,2.452261000000e+00
-1.924900500000e-03,2.452261000000e+00
-1.922366100000e-03,2.492462000000e+00
-1.919831700000e-03,2.452261000000e+00
-1.917297300000e-03,2.452261000000e+00
-1.914762900000e-03,2.452261000000e+00
-1.912228500000e-03,2.452261000000e+00
-1.909694100000e-03,2.452261000000e+00
-1.907159700000e-03,2.452261000000e+00
-1.904625300000e-03,2.452261000000e+00
-1.902090900000e-03,2.452261000000e+00
-1.899556500000e-03,2.452261000000e+00
-1.897022100000e-03,2.452261000000e+00
-1.894487700000e-03,2.452261000000e+00
-1.891953300000e-03,2.452261000000e+00
-1.889418900000e-03,2.452261000000e+00
-1.886884500000e-03,2.452261000000e+00
-1.884350100000e-03,2.492462000000e+00
-1.881815700000e-03,2.452261000000e+00
-1.879281300000e-03,2.492462000000e+00
-1.876746900000e-03,2.452261000000e+00
-1.874212500000e-03,2.452261000000e+00
-1.871678100000e-03,2.452261000000e+00
-1.869143700000e-03,2.452261000000e+00
-1.866609300000e-03,2.452261000000e+00
-1.864074900000e-03,2.452261000000e+00
-1.861540500000e-03,2.452261000000e+00
-1.859006100000e-03,2.452261000000e+00
-1.856471700000e-03,2.452261000000e+00
-1.853937300000e-03,2.452261000000e+00
-1.851402900000e-03,2.452261000000e+00
-1.848868500000e-03,2.452261000000e+00
-1.846334100000e-03,2.452261000000e+00
-1.843799700000e-03,2.452261000000e+00
-1.841265300000e-03,2.452261000000e+00
-1.838730900000e-03,2.452261000000e+00
-1.836196500000e-03,2.492462000000e+00
-1.833662100000e-03,2.452261000000e+00
-1.831127700000e-03,2.452261000000e+00
-1.828593300000e-03,2.452261000000e+00
-1.826058900000e-03,2.452261000000e+00
-1.823524500000e-03,2.452261000000e+00
-1.820990100000e-03,2.452261000000e+00
-1.818455700000e-03,2.452261000000e+00
-1.815921300000e-03,2.452261000000e+00
-1.813386900000e-03,2.452261000000e+00
-1.810852500000e-03,2.452261000000e+00
-1.808318100000e-03,2.452261000000e+00
-1.805783700000e-03,2.452261000000e+00
-1.803249300000e-03,2.452261000000e+00
-1.800714900000e-03,2.452261000000e+00
-1.798180500000e-03,2.492462000000e+00
-1.795646100000e-03,2.452261000000e+00
-1.793111700000e-03,2.452261000000e+00
-1.790577300000e-03,2.452261000000e+00
-1.788042900000e-03,2.452261000000e+00
-1.785508500000e-03,2.452261000000e+00
-1.782974100000e-03,2.492462000000e+00
-1.780439700000e-03,2.412060000000e+00
-1.777905300000e-03,2.452261000000e+00
-1.775370900000e-03,2.452261000000e+00
-1.772836500000e-03,2.452261000000e+00
-1.770302100000e-03,2.452261000000e+00
-1.767767700000e-03,2.452261000000e+00
-1.765233300000e-03,2.492462000000e+00
-1.762698900000e-03,2.412060000000e+00
-1.760164500000e-03,2.452261000000e+00
-1.757630100000e-03,2.452261000000e+00
-1.755095700000e-03,2.452261000000e+00
-1.752561300000e-03,2.452261000000e+00
-1.750026900000e-03,2.452261000000e+00
-1.747492500000e-03,2.412060000000e+00
-1.744958100000e-03,2.452261000000e+00
-1.742423700000e-03,2.452261000000e+00
-1.739889300000e-03,2.452261000000e+00
-1.737354900000e-03,2.452261000000e+00
-1.734820500000e-03,2.492462000000e+00
-1.732286100000e-03,2.452261000000e+00
-1.729751700000e-03,2.452261000000e+00
-1.727217300000e-03,2.452261000000e+00
-1.724682900000e-03,2.452261000000e+00
-1.722148500000e-03,2.452261000000e+00
-1.719614100000e-03,2.452261000000e+00
-1.717079700000e-03,2.452261000000e+00
-1.714545300000e-03,2.452261000000e+00
-1.712010900000e-03,2.452261000000e+00
-1.709476500000e-03,2.452261000000e+00
-1.706942100000e-03,2.452261000000e+00
-1.704407700000e-03,2.492462000000e+00
-1.701873300000e-03,2.452261000000e+00
-1.699338900000e-03,2.492462000000e+00
-1.696804500000e-03,2.452261000000e+00
-1.694270100000e-03,2.452261000000e+00
-1.691735700000e-03,2.452261000000e+00
-1.689201300000e-03,2.452261000000e+00
-1.686666900000e-03,2.452261000000e+00
-1.684132500000e-03,2.452261000000e+00
-1.681598100000e-03,2.452261000000e+00
-1.679063700000e-03,2.452261000000e+00
-1.676529300000e-03,2.452261000000e+00
-1.673994900000e-03,2.452261000000e+00
-1.671460500000e-03,2.452261000000e+00
-1.668926100000e-03,2.412060000000e+00
-1.666391700000e-03,2.452261000000e+00
-1.663857300000e-03,2.452261000000e+00
-1.661322900000e-03,2.452261000000e+00
-1.658788500000e-03,2.452261000000e+00
-1.656254100000e-03,2.452261000000e+00
-1.653719700000e-03,2.452261000000e+00
-1.651185300000e-03,2.452261000000e+00
-1.648650900000e-03,2.452261000000e+00
-1.646116500000e-03,2.452261000000e+00
-1.643582100000e-03,2.452261000000e+00
-1.641047700000e-03,2.452261000000e+00
-1.638513300000e-03,2.452261000000e+00
-1.635978900000e-03,2.492462000000e+00
-1.633444500000e-03,2.452261000000e+00
-1.630910100000e-03,2.452261000000e+00
-1.628375700000e-03,2.452261000000e+00
-1.625841300000e-03,2.452261000000e+00
-1.623306900000e-03,2.452261000000e+00
-1.620772500000e-03,2.452261000000e+00
-1.618238100000e-03,2.452261000000e+00
-1.615703700000e-03,2.452261000000e+00
-1.613169300000e-03,2.452261000000e+00
-1.610634900000e-03,2.452261000000e+00
-1.608100500000e-03,2.452261000000e+00
-1.605566100000e-03,2.452261000000e+00
-1.603031700000e-03,2.452261000000e+00
-1.600497300000e-03,2.452261000000e+00
-1.597962900000e-03,2.452261000000e+00
-1.595428500000e-03,2.452261000000e+00
-1.592894100000e-03,2.452261000000e+00
-1.590359700000e-03,2.452261000000e+00
-1.587825300000e-03,2.492462000000e+00
-1.585290900000e-03,2.452261000000e+00
-1.582756500000e-03,2.452261000000e+00
-1.580222100000e-03,2.452261000000e+00
-1.577687700000e-03,2.452261000000e+00
-1.575153300000e-03,2.452261000000e+00
-1.572618900000e-03,2.452261000000e+00
-1.570084500000e-03,2.452261000000e+00
-1.567550100000e-03,2.452261000000e+00
-1.565015700000e-03,2.452261000000e+00
-1.562481300000e-03,2.452261000000e+00
-1.559946900000e-03,2.452261000000e+00
-1.557412500000e-03,2.452261000000e+00
-1.554878100000e-03,2.452261000000e+00
-1.552343700000e-03,2.452261000000e+00
-1.549809300000e-03,2.452261000000e+00
-1.547274900000e-03,2.452261000000e+00
-1.544740500000e-03,2.452261000000e+00
-1.542206100000e-03,2.452261000000e+00
-1.539671700000e-03,2.452261000000e+00
-1.537137300000e-03,2.452261000000e+00
-1.534602900000e-03,2.452261000000e+00
-1.532068500000e-03,2.492462000000e+00
-1.529534100000e-03,2.452261000000e+00
-1.526999700000e-03,2.452261000000e+00
-1.524465300000e-03,2.452261000000e+00
-1.521930900000e-03,2.452261000000e+00
-1.519396500000e-03,2.452261000000e+00
-1.516862100000e-03,2.492462000000e+00
-1.514327700000e-03,2.452261000000e+00
-1.511793300000e-03,2.452261000000e+00
-1.509258900000e-03,2.412060000000e+00
-1.506724500000e-03,2.452261000000e+00
-1.504190100000e-03,2.452261000000e+00
-1.501655700000e-03,2.452261000000e+00
-1.499121300000e-03,-4.020100000000e-02
-1.496586900000e-03,-4.020100000000e-02
-1.494052500000e-03,-4.020100000000e-02
-1.491518100000e-03,-4.020100000000e-02
-1.488983700000e-03,-4.020100000000e-02
-1.486449300000e-03,-4.020100000000e-02
-1.483914900000e-03,-4.020100000000e-02
-1.481380500000e-03,-4.020100000000e-02
-1.478846100000e-03,0.000000000000e+00
-1.476311700000e-03,-4.020100000000e-02
-1.473777300000e-03,-4.020100000000e-02
-1.471242900000e-03,-4.020100000000e-02
-1.468708500000e-03,-4.020100000000e-02
-1.466174100000e-03,-4.020100000000e-02
-1.463639700000e-03,-4.020100000000e-02
-1.461105300000e-03,-4.020100000000e-02
-1.458570900000e-03,-4.020100000000e-02
-1.456036500000e-03,0.000000000000e+00
-1.453502100000e-03,-4.020100000000e-02
-1.450967700000e-03,-4.020100000000e-02
-1.448433300000e-03,-4.020100000000e-02
-1.445898900000e-03,-4.020100000000e-02
-1.443364500000e-03,-4.020100000000e-02
-1.440830100000e-03,-4.020100000000e-02
-1.438295700000e-03,-4.020100000000e-02
-1.435761300000e-03,-4.020100000000e-02
-1.433226900000e-03,-4.020100000000e-02
-1.430692500000e-03,-4.020100000000e-02
-1.428158100000e-03,-4.020100000000e-02
-1.425623700000e-03,-4.020100000000e-02
-1.423089300000e-03,-4.020100000000e-02
-1.420554900000e-03,-4.020100000000e-02
-1.418020500000e-03,-4.020100000000e-02
-1.415486100000e-03,-4.020100000000e-02
-1.412951700000e-03,-4.020100000000e-02
-1.410417300000e-03,-4.020100000000e-02
-1.407882900000e-03,0.000000000000e+00
-1.405348500000e-03,-4.020100000000e-02
-1.402814100000e-03,-4.020100000000e-02
-1.400279700000e-03,-4.020100000000e-02
-1.397745300000e-03,-4.020100000000e-02
-1.395210900000e-03,-4.020100000000e-02
-1.392676500000e-03,-4.020100000000e-02
-1.390142100000e-03,-4.020100000000e-02
-1.387607700000e-03,-4.020100000000e-02
-1.385073300000e-03,-4.020100000000e-02
-1.382538900000e-03,-4.020100000000e-02
-1.380004500000e-03,-4.020100000000e-02
-1.377470100000e-03,-4.020100000000e-02
-1.374935700000e-03,-4.020100000000e-02
-1.372401300000e-03,-4.020100000000e-02
-1.369866900000e-03,-4.020100000000e-02
-1.367332500000e-03,-4.020100000000e-02
-1.364798100000e-03,-4.020100000000e-02
-1.362263700000e-03,-4.020100000000e-02
-1.359729300000e-03,-4.020100000000e-02
-1.357194900000e-03,-4.020100000000e-02
-1.354660500000e-03,-4.020100000000e-02
-1.352126100000e-03,-4.020100000000e-02
-1.349591700000e-03,-4.020100000000e-02
-1.347057300000e-03,-4.020100000000e-02
-1.344522900000e-03,-4.020100000000e-02
-1.341988500000e-03,-4.020100000000e-02
-1.339454100000e-03,-4.020100000000e-02
-1.336919700000e-03,-4.020100000000e-02
-1.334385300000e-03,-4.020100000000e-02
-1.331850900000e-03,-8.040200000000e-02
-1.329316500000e-03,-4.020100000000e-02
-1.326782100000e-03,-4.020100000000e-02
-1.324247700000e-03,0.000000000000e+00
-1.321713300000e-03,-8.040200000000e-02
-1.319178900000e-03,-4.020100000000e-02
-1.316644500000e-03,-4.020100000000e-02
-1.314110100000e-03,-4.020100000000e-02
-1.311575700000e-03,-4.020100000000e-02
-1.309041300000e-03,-4.020100000000e-02
-1.306506900000e-03,-4.020100000000e-02
-1.303972500000e-03,-4.020100000000e-02
-1.301438100000e-03,-4.020100000000e-02
-1.298903700000e-03,-4.020100000000e-02
-1.296369300000e-03,-4.020100000000e-02
-1.293834900000e-03,-4.020100000000e-02
-1.291300500000e-03,-4.020100000000e-02
-1.288766100000e-03,-4.020100000000e-02
-1.286231700000e-03,-4.020100000000e-02
-1.283697300000e-03,-4.020100000000e-02
-1.281162900000e-03,-4.020100000000e-02
-1.278628500000e-03,-4.020100000000e-02
-1.276094100000e-03,-4.020100000000e-02
-1.273559700000e-03,-4.020100000000e-02
-1.271025300000e-03,-4.020100000000e-02
-1.268490900000e-03,-4.020100000000e-02
-1.265956500000e-03,-4.020100000000e-02
-1.263422100000e-03,-4.020100000000e-02
-1.260887700000e-03,-4.020100000000e-02
-1.258353300000e-03,-4.020100000000e-02
-1.255818900000e-03,-4.020100000000e-02
-1.253284500000e-03,-4.020100000000e-02
-1.250750100000e-03,0.000000000000e+00
-1.248215700000e-03,-4.020100000000e-02
-1.245681300000e-03,-4.020100000000e-02
-1.243146900000e-03,-4.020100000000e-02
-1.240612500000e-03,-4.020100000000e-02
-1.238078100000e-03,-4.020100000000e-02
-1.235543700000e-03,-4.020100000000e-02
-1.233009300000e-03,-4.020100000000e-02
-1.230474900000e-03,-4.020100000000e-02
-1.227940500000e-03,-4.020100000000e-02
-1.225406100000e-03,-4.020100000000e-02
-1.222871700000e-03,-4.020100000000e-02
-1.220337300000e-03,-4.020100000000e-02
-1.217802900000e-03,-4.020100000000e-02
-1.215268500000e-03,-4.020100000000e-02
-1.212734100000e-03,-4.020100000000e-02
-1.210199700000e-03,-4.020100000000e-02
-1.207665300000e-03,-4.020100000000e-02
-1.205130900000e-03,-4.020100000000e-02
-1.202596500000e-03,-4.020100000000e-02
-1.200062100000e-03,-4.020100000000e-02
-1.197527700000e-03,-4.020100000000e-02
-1.194993300000e-03,-4.020100000000e-02
-1.192458900000e-03,0.000000000000e+00
-1.189924500000e-03,-4.020100000000e-02
-1.187390100000e-03,-4.020100000000e-02
-1.184855700000e-03,-4.020100000000e-02
-1.182321300000e-03,-4.020100000000e-02
-1.179786900000e-03,-4.020100000000e-02
-1.177252500000e-03,-4.020100000000e-02
-1.174718100000e-03,-4.020100000000e-02
-1.172183700000e-03,-4.020100000000e-02
-1.169649300000e-03,-4.020100000000e-02
-1.167114900000e-03,-4.020100000000e-02
-1.164580500000e-03,-4.020100000000e-02
-1.162046100000e-03,-4.020100000000e-02
-1.159511700000e-03,-4.020100000000e-02
-1.156977300000e-03,-4.020100000000e-02
-1.154442900000e-03,-4.020100000000e-02
-1.151908500000e-03,-4.020100000000e-02
-1.149374100000e-03,-4.020100000000e-02
-1.146839700000e-03,-4.020100000000e-02
-1.144305300000e-03,-4.020100000000e-02
-1.141770900000e-03,-4.020100000000e-02
-1.139236500000e-03,-4.020100000000e-02
-1.136702100000e-03,-4.020100000000e-02
-1.134167700000e-03,-4.020100000000e-02
-1.131633300000e-03,-4.020100000000e-02
-1.129098900000e-03,-4.020100000000e-02
-1.126564500000e-03,-4.020100000000e-02
-1.124030100000e-03,-4.020100000000e-02
-1.121495700000e-03,-4.020100000000e-02
-1.118961300000e-03,-4.020100000000e-02
-1.116426900000e-03,-4.020100000000e-02
-1.113892500000e-03,-4.020100000000e-02
-1.111358100000e-03,-4.020100000000e-02
-1.108823700000e-03,-4.020100000000e-02
-1.106289300000e-03,-4.020100000000e-02
-1.103754900000e-03,-8.040200000000e-02
-1.101220500000e-03,-4.020100000000e-02
-1.098686100000e-03,-4.020100000000e-02
-1.096151700000e-03,-4.020100000000e-02
-1.093617300000e-03,-4.020100000000e-02
-1.091082900000e-03,-4.020100000000e-02
-1.088548500000e-03,-4.020100000000e-02
-1.086014100000e-03,-4.020100000000e-02
-1.083479700000e-03,-4.020100000000e-02
-1.080945300000e-03,-4.020100000000e-02
-1.078410900000e-03,-4.020100000000e-02
-1.075876500000e-03,-4.020100000000e-02
-1.073342100000e-03,-4.020100000000e-02
-1.070807700000e-03,-4.020100000000e-02
-1.068273300000e-03,-4.020100000000e-02
-1.065738900000e-03,-4.020100000000e-02
-1.063204500000e-03,-4.020100000000e-02
-1.060670100000e-03,-4.020100000000e-02
-1.058135700000e-03,-4.020100000000e-02
-1.055601300000e-03,-4.020100000000e-02
-1.053066900000e-03,-4.020100000000e-02
-1.050532500000e-03,-4.020100000000e-02
-1.047998100000e-03,-4.020100000000e-02
-1.045463700000e-03,0.000000000000e+00
-1.042929300000e-03,-4.020100000000e-02
-1.040394900000e-03,-4.020100000000e-02
-1.037860500000e-03,-4.020100000000e-02
-1.035326100000e-03,-4.020100000000e-02
-1.032791700000e-03,-4.020100000000e-02
-1.030257300000e-03,-4.020100000000e-02
-1.027722900000e-03,-4.020100000000e-02
-1.025188500000e-03,-4.020100000000e-02
-1.022654100000e-03,-4.020100000000e-02
-1.020119700000e-03,-4.020100000000e-02
-1.017585300000e-03,-4.020100000000e-02
-1.015050900000e-03,-4.020100000000e-02
-1.012516500000e-03,-4.020100000000e-02
-1.009982100000e-03,-4.020100000000e-02
-1.007447700000e-03,-4.020100000000e-02
-1.004913300000e-03,-4.020100000000e-02
-1.002378900000e-03,-4.020100000000e-02
-9.998445000000e-04,1.567839000000e+00
-9.973101000000e-04,2.452261000000e+00
-9.947757000000e-04,2.452261000000e+00
-9.922413000000e-04,2.452261000000e+00
-9.897069000000e-04,2.452261000000e+00
-9.871725000000e-04,2.452261000000e+00
-9.846381000000e-04,2.452261000000e+00
-9.821037000000e-04,2.492462000000e+00
-9.795693000000e-04,2.452261000000e+00
-9.770349000000e-04,2.452261000000e+00
-9.745005000000e-04,2.452261000000e+00
-9.719661000000e-04,2.452261000000e+00
-9.694317000000e-04,2.452261000000e+00
-9.668973000000e-04,2.492462000000e+00
-9.643629000000e-04,2.452261000000e+00
-9.618285000000e-04,2.452261000000e+00
-9.592941000000e-04,2.452261000000e+00
-9.567597000000e-04,2.452261000000e+00
-9.542253000000e-04,2.452261000000e+00
-9.516909000000e-04,2.452261000000e+00
-9.491565000000e-04,2.452261000000e+00
-9.466221000000e-04,2.452261000000e+00
-9.440877000000e-04,2.452261000000e+00
-9.415533000000e-04,2.452261000000e+00
-9.390189000000e-04,2.452261000000e+00
-9.364845000000e-04,2.452261000000e+00
-9.339501000000e-04,2.452261000000e+00
-9.314157000000e-04,2.452261000000e+00
-9.288813000000e-04,2.452261000000e+00
-9.263469000000e-04,2.492462000000e+00
-9.238125000000e-04,2.452261000000e+00
-9.212781000000e-04,2.452261000000e+00
-9.187437000000e-04,2.452261000000e+00
-9.162093000000e-04,2.452261000000e+00
-9.136749000000e-04,2.452261000000e+00
-9.111405000000e-04,2.452261000000e+00
-9.086061000000e-04,2.452261000000e+00
-9.060717000000e-04,2.452261000000e+00
-9.035373000000e-04,2.452261000000e+00
-9.010029000000e-04,2.492462000000e+00
-8.984685000000e-04,2.492462000000e+00
-8.959341000000e-04,2.452261000000e+00
-8.933997000000e-04,2.452261000000e+00
-8.908653000000e-04,2.452261000000e+00
-8.883309000000e-04,2.452261000000e+00
-8.857965000000e-04,2.452261000000e+00
-8.832621000000e-04,2.452261000000e+00
-8.807277000000e-04,2.452261000000e+00
-8.781933000000e-04,2.452261000000e+00
-8.756589000000e-04,2.452261000000e+00
-8.731245000000e-04,2.452261000000e+00
-8.705901000000e-04,2.452261000000e+00
-8.680557000000e-04,2.452261000000e+00
-8.655213000000e-04,2.412060000000e+00
-8.629869000000e-04,2.452261000000e+00
-8.604525000000e-04,2.452261000000e+00
-8.579181000000e-04,2.452261000000e+00
-8.553837000000e-04,2.452261000000e+00
-8.528493000000e-04,2.452261000000e+00
-8.503149000000e-04,2.452261000000e+00
-8.477805000000e-04,2.452261000000e+00
-8.452461000000e-04,2.452261000000e+00
-8.427117000000e-04,2.452261000000e+00
-8.401773000000e-04,2.452261000000e+00
-8.376429000000e-04,2.452261000000e+00
-8.351085000000e-04,2.452261000000e+00
-8.325741000000e-04,2.452261000000e+00
-8.300397000000e-04,2.492462000000e+00
-8.275053000000e-04,2.452261000000e+00
-8.249709000000e-04,2.452261000000e+00
-8.224365000000e-04,2.452261000000e+00
-8.199021000000e-04,2.452261000000e+00
-8.173677000000e-04,2.452261000000e+00
-8.148333000000e-04,2.452261000000e+00
-8.122989000000e-04,2.452261000000e+00
-8.097645000000e-04,2.452261000000e+00
-8.072301000000e-04,2.452261000000e+00
-8.046957000000e-04,2.452261000000e+00
-8.021613000000e-04,2.452261000000e+00
-7.996269000000e-04,2.452261000000e+00
-7.970925000000e-04,2.492462000000e+00
-7.945581000000e-04,2.492462000000e+00
-7.920237000000e-04,2.452261000000e+00
-7.894893000000e-04,2.452261000000e+00
-7.869549000000e-04,2.452261000000e+00
-7.844205000000e-04,2.452261000000e+00
-7.818861000000e-04,2.492462000000e+00
-7.793517000000e-04,2.492462000000e+00
-7.768173000000e-04,2.492462000000e+00
-7.742829000000e-04,2.452261000000e+00
-7.717485000000e-04,2.452261000000e+00
-7.692141000000e-04,2.452261000000e+00
-7.666797000000e-04,2.452261000000e+00
-7.641453000000e-04,2.452261000000e+00
-7.616109000000e-04,2.452261000000e+00
-7.590765000000e-04,2.452261000000e+00
-7.565421000000e-04,2.452261000000e+00
-7.540077000000e-04,2.452261000000e+00
-7.514733000000e-04,2.452261000000e+00
-7.489389000000e-04,2.452261000000e+00
-7.464045000000e-04,2.452261000000e+00
-7.438701000000e-04,2.452261000000e+00
-7.413357000000e-04,2.452261000000e+00
-7.388013000000e-04,2.452261000000e+00
-7.362669000000e-04,2.452261000000e+00
-7.337325000000e-04,2.452261000000e+00
-7.311981000000e-04,2.452261000000e+00
-7.286637000000e-04,2.452261000000e+00
-7.261293000000e-04,2.452261000000e+00
-7.235949000000e-04,2.452261000000e+00
-7.210605000000e-04,2.452261000000e+00
-7.185261000000e-04,2.492462000000e+00
-7.159917000000e-04,2.452261000000e+00
-7.134573000000e-04,2.452261000000e+00
-7.109229000000e-04,2.452261000000e+00
-7.083885000000e-04,2.452261000000e+00
-7.058541000000e-04,2.452261000000e+00
-7.033197000000e-04,2.492462000000e+00
-7.007853000000e-04,2.412060000000e+00
-6.982509000000e-04,2.452261000000e+00
-6.957165000000e-04,2.452261000000e+00
-6.931821000000e-04,2.452261000000e+00
-6.906477000000e-04,2.492462000000e+00
-6.881133000000e-04,2.452261000000e+00
-6.855789000000e-04,2.452261000000e+00
-6.830445000000e-04,2.452261000000e+00
-6.805101000000e-04,2.452261000000e+00
-6.779757000000e-04,2.452261000000e+00
-6.754413000000e-04,2.452261000000e+00
-6.729069000000e-04,2.452261000000e+00
-6.703725000000e-04,2.452261000000e+00
-6.678381000000e-04,2.452261000000e+00
-6.653037000000e-04,2.452261000000e+00
-6.627693000000e-04,2.452261000000e+00
-6.602349000000e-04,2.452261000000e+00
-6.577005000000e-04,2.452261000000e+00
-6.551661000000e-04,2.452261000000e+00
-6.526317000000e-04,2.452261000000e+00
-6.500973000000e-04,2.452261000000e+00
-6.475629000000e-04,2.492462000000e+00
-6.450285000000e-04,2.452261000000e+00
-6.424941000000e-04,2.452261000000e+00
-6.399597000000e-04,2.452261000000e+00
-6.374253000000e-04,2.452261000000e+00
-6.348909000000e-04,2.452261000000e+00
-6.323565000000e-04,2.452261000000e+00
-6.298221000000e-04,2.452261000000e+00
-6.272877000000e-04,2.452261000000e+00
-6.247533000000e-04,2.452261000000e+00
-6.222189000000e-04,2.452261000000e+00
-6.196845000000e-04,2.452261000000e+00
-6.171501000000e-04,2.452261000000e+00
-6.146157000000e-04,2.492462000000e+00
-6.120813000000e-04,2.452261000000e+00
-6.095469000000e-04,2.452261000000e+00
-6.070125000000e-04,2.492462000000e+00
-6.044781000000e-04,2.452261000000e+00
-6.019437000000e-04,2.452261000000e+00
-5.994093000000e-04,2.492462000000e+00
-5.968749000000e-04,2.452261000000e+00
-5.943405000000e-04,2.452261000000e+00
-5.918061000000e-04,2.492462000000e+00
-5.892717000000e-04,2.452261000000e+00
-5.867373000000e-04,2.452261000000e+00
-5.842029000000e-04,2.452261000000e+00
-5.816685000000e-04,2.452261000000e+00
-5.791341000000e-04,2.452261000000e+00
-5.765997000000e-04,2.492462000000e+00
-5.740653000000e-04,2.452261000000e+00
-5.715309000000e-04,2.452261000000e+00
-5.689965000000e-04,2.452261000000e+00
-5.664621000000e-04,2.452261000000e+00
-5.639277000000e-04,2.452261000000e+00
-5.613933000000e-04,2.452261000000e+00
-5.588589000000e-04,2.452261000000e+00
-5.563245000000e-04,2.452261000000e+00
-5.537901000000e-04,2.452261000000e+00
-5.512557000000e-04,2.452261000000e+00
-5.487213000000e-04,2.452261000000e+00
-5.461869000000e-04,2.452261000000e+00
-5.436525000000e-04,2.452261000000e+00
-5.411181000000e-04,2.452261000000e+00
-5.385837000000e-04,2.452261000000e+00
-5.360493000000e-04,2.452261000000e+00
-5.335149000000e-04,2.452261000000e+00
-5.309805000000e-04,2.452261000000e+00
-5.284461000000e-04,2.452261000000e+00
-5.259117000000e-04,2.452261000000e+00
-5.233773000000e-04,2.452261000000e+00
-5.208429000000e-04,2.452261000000e+00
-5.183085000000e-04,2.452261000000e+00
-5.157741000000e-04,2.452261000000e+00
-5.132397000000e-04,2.452261000000e+00
-5.107053000000e-04,2.452261000000e+00
-5.081709000000e-04,2.492462000000e+00
-5.056365000000e-04,2.452261000000e+00
-5.031021000000e-04,2.452261000000e+00
-5.005677000000e-04,2.331658000000e+00
-4.980333000000e-04,-4.020100000000e-02
-4.954989000000e-04,-4.020100000000e-02
-4.929645000000e-04,-4.020100000000e-02
-4.904301000000e-04,-4.020100000000e-02
-4.878957000000e-04,-4.020100000000e-02
-4.853613000000e-04,-4.020100000000e-02
-4.828269000000e-04,-4.020100000000e-02
-4.802925000000e-04,-4.020100000000e-02
-4.777581000000e-04,-4.020100000000e-02
-4.752237000000e-04,-4.020100000000e-02
-4.726893000000e-04,-4.020100000000e-02
-4.701549000000e-04,-4.020100000000e-02
-4.676205000000e-04,-4.020100000000e-02
-4.650861000000e-04,-4.020100000000e-02
-4.625517000000e-04,-4.020100000000e-02
-4.600173000000e-04,-4.020100000000e-02
-4.574829000000e-04,-4.020100000000e-02
-4.549485000000e-04,-4.020100000000e-02
-4.524141000000e-04,-4.020100000000e-02
-4.498797000000e-04,-4.020100000000e-02
-4.473453000000e-04,-4.020100000000e-02
-4.448109000000e-04,-4.020100000000e-02
-4.422765000000e-04,-4.020100000000e-02
-4.397421000000e-04,-4.020100000000e-02
-4.372077000000e-04,-4.020100000000e-02
-4.346733000000e-04,-4.020100000000e-02
-4.321389000000e-04,0.000000000000e+00
-4.296045000000e-04,-4.020100000000e-02
-4.270701000000e-04,-4.020100000000e-02
-4.245357000000e-04,-4.020100000000e-02
-4.220013000000e-04,-4.020100000000e-02
-4.194669000000e-04,-4.020100000000e-02
-4.169325000000e-04,-4.020100000000e-02
-4.143981000000e-04,-4.020100000000e-02
-4.118637000000e-04,-4.020100000000e-02
-4.093293000000e-04,-4.020100000000e-02
-4.067949000000e-04,-4.020100000000e-02
-4.042605000000e-04,-4.020100000000e-02
-4.017261000000e-04,-4.020100000000e-02
-3.991917000000e-04,-4.020100000000e-02
-3.966573000000e-04,-4.020100000000e-02
-3.941229000000e-04,-4.020100000000e-02
-3.915885000000e-04,0.000000000000e+00
-3.890541000000e-04,0.000000000000e+00
-3.865197000000e-04,-4.020100000000e-02
-3.839853000000e-04,0.000000000000e+00
-3.814509000000e-04,-4.020100000000e-02
-3.789165000000e-04,-4.020100000000e-02
-3.763821000000e-04,-4.020100000000e-02
-3.738477000000e-04,0.000000000000e+00
-3.713133000000e-04,-4.020100000000e-02
-3.687789000000e-04,-4.020100000000e-02
-3.662445000000e-04,-4.020100000000e-02
-3.637101000000e-04,-4.020100000000e-02
-3.611757000000e-04,-4.020100000000e-02
-3.586413000000e-04,-4.020100000000e-02
-3.561069000000e-04,-4.020100000000e-02
-3.535725000000e-04,-4.020100000000e-02
-3.510381000000e-04,-4.020100000000e-02
-3.485037000000e-04,-4.020100000000e-02
-3.459693000000e-04,-4.020100000000e-02
-3.434349000000e-04,-4.020100000000e-02
-3.409005000000e-04,-4.020100000000e-02
-3.383661000000e-04,-4.020100000000e-02
-3.358317000000e-04,-4.020100000000e-02
-3.332973000000e-04,-4.020100000000e-02
-3.307629000000e-04,-4.020100000000e-02
-3.282285000000e-04,-4.020100000000e-02
-3.256941000000e-04,0.000000000000e+00
-3.231597000000e-04,-4.020100000000e-02
-3.206253000000e-04,-4.020100000000e-02
-3.180909000000e-04,-4.020100000000e-02
-3.155565000000e-04,-4.020100000000e-02
-3.130221000000e-04,-4.020100000000e-02
-3.104877000000e-04,-8.040200000000e-02
-3.079533000000e-04,-4.020100000000e-02
-3.054189000000e-04,-4.020100000000e-02
-3.028845000000e-04,-4.020100000000e-02
-3.003501000000e-04,-4.020100000000e-02
-2.978157000000e-04,-4.020100000000e-02
-2.952813000000e-04,-4.020100000000e-02
-2.927469000000e-04,0.000000000000e+00
-2.902125000000e-04,-4.020100000000e-02
-2.876781000000e-04,-4.020100000000e-02
-2.851437000000e-04,-4.020100000000e-02
-2.826093000000e-04,-4.020100000000e-02
-2.800749000000e-04,-4.020100000000e-02
-2.775405000000e-04,-4.020100000000e-02
-2.750061000000e-04,-4.020100000000e-02
-2.724717000000e-04,-4.020100000000e-02
-2.699373000000e-04,-4.020100000000e-02
-2.674029000000e-04,-4.020100000000e-02
-2.648685000000e-04,-4.020100000000e-02
-2.623341000000e-04,-4.020100000000e-02
-2.597997000000e-04,-4.020100000000e-02
-2.572653000000e-04,-4.020100000000e-02
-2.547309000000e-04,-4.020100000000e-02
-2.521965000000e-04,-4.020100000000e-02
-2.496621000000e-04,-4.020100000000e-02
-2.471277000000e-04,-4.020100000000e-02
-2.445933000000e-04,-4.020100000000e-02
-2.420589000000e-04,-4.020100000000e-02
-2.395245000000e-04,-4.020100000000e-02
-2.369901000000e-04,-4.020100000000e-02
-2.344557000000e-04,-8.040200000000e-02
-2.319213000000e-04,-4.020100000000e-02
-2.293869000000e-04,-4.020100000000e-02
-2.268525000000e-04,-4.020100000000e-02
-2.243181000000e-04,-4.020100000000e-02
-2.217837000000e-04,-4.020100000000e-02
-2.192493000000e-04,-4.020100000000e-02
-2.167149000000e-04,-4.020100000000e-02
-2.141805000000e-04,-4.020100000000e-02
-2.116461000000e-04,-4.020100000000e-02
-2.091117000000e-04,-4.020100000000e-02
-2.065773000000e-04,-4.020100000000e-02
-2.040429000000e-04,-4.020100000000e-02
-2.015085000000e-04,-4.020100000000e-02
-1.989741000000e-04,-4.020100000000e-02
-1.964397000000e-04,-4.020100000000e-02
-1.939053000000e-04,-4.020100000000e-02
-1.913709000000e-04,-4.020100000000e-02
-1.888365000000e-04,-4.020100000000e-02
-1.863021000000e-04,-4.020100000000e-02
-1.837677000000e-04,-4.020100000000e-02
-1.812333000000e-04,-4.020100000000e-02
-1.786989000000e-04,-4.020100000000e-02
-1.761645000000e-04,-4.020100000000e-02
-1.736301000000e-04,-4.020100000000e-02
-1.710957000000e-04,-4.020100000000e-02
-1.685613000000e-04,-4.020100000000e-02
-1.660269000000e-04,-4.020100000000e-02
-1.634925000000e-04,-4.020100000000e-02
-1.609581000000e-04,-4.020100000000e-02
-1.584237000000e-04,-4.020100000000e-02
-1.558893000000e-04,-4.020100000000e-02
-1.533549000000e-04,-4.020100000000e-02
-1.508205000000e-04,-4.020100000000e-02
-1.482861000000e-04,-4.020100000000e-02
-1.457517000000e-04,-4.020100000000e-02
-1.432173000000e-04,-4.020100000000e-02
-1.406829000000e-04,-4.020100000000e-02
-1.381485000000e-04,0.000000000000e+00
-1.356141000000e-04,-4.020100000000e-02
-1.330797000000e-04,-4.020100000000e-02
-1.305453000000e-04,-4.020100000000e-02
-1.280109000000e-04,-4.020100000000e-02
-1.254765000000e-04,-4.020100000000e-02
-1.229421000000e-04,-4.020100000000e-02
-1.204077000000e-04,0.000000000000e+00
-1.178733000000e-04,-8.040200000000e-02
-1.153389000000e-04,-4.020100000000e-02
-1.128045000000e-04,-4.020100000000e-02
-1.102701000000e-04,-4.020100000000e-02
-1.077357000000e-04,-4.020100000000e-02
-1.052013000000e-04,-4.020100000000e-02
-1.026669000000e-04,-4.020100000000e-02
-1.001325000000e-04,-4.020100000000e-02
-9.759810000000e-05,-4.020100000000e-02
-9.506370000000e-05,-4.020100000000e-02
-9.252930000000e-05,-4.020100000000e-02
-8.999490000000e-05,-4.020100000000e-02
-8.746050000000e-05,-4.020100000000e-02
-8.492610000000e-05,-4.020100000000e-02
-8.239170000000e-05,-4.020100000000e-02
-7.985730000000e-05,-4.020100000000e-02
-7.732290000000e-05,-4.020100000000e-02
-7.478850000000e-05,-4.020100000000e-02
-7.225410000000e-05,-4.020100000000e-02
-6.971970000000e-05,-4.020100000000e-02
-6.718530000000e-05,-4.020100000000e-02
-6.465090000000e-05,-4.020100000000e-02
-6.211650000000e-05,-4.020100000000e-02
-5.958210000000e-05,-4.020100000000e-02
-5.704770000000e-05,-4.020100000000e-02
-5.451330000000e-05,-4.020100000000e-02
-5.197890000000e-05,-4.020100000000e-02
-4.944450000000e-05,-4.020100000000e-02
-4.691010000000e-05,-4.020100000000e-02
-4.437570000000e-05,-4.020100000000e-02
-4.184130000000e-05,-4.020100000000e-02
-3.930690000000e-05,-4.020100000000e-02
-3.677250000000e-05,-4.020100000000e-02
-3.423810000000e-05,-4.020100000000e-02
-3.170370000000e-05,-4.020100000000e-02
-2.916930000000e-05,-4.020100000000e-02
-2.663490000000e-05,-4.020100000000e-02
-2.410050000000e-05,-4.020100000000e-02
-2.156610000000e-05,-4.020100000000e-02
-1.903170000000e-05,-4.020100000000e-02
-1.649730000000e-05,-4.020100000000e-02
-1.396290000000e-05,-4.020100000000e-02
-1.142850000000e-05,-4.020100000000e-02
-8.894100000000e-06,-4.020100000000e-02
-6.359700000000e-06,-4.020100000000e-02
-3.825300000000e-06,-4.020100000000e-02
-1.290900000000e-06,-4.020100000000e-02
1.243500000000e-06,2.452261000000e+00
3.777900000000e-06,2.452261000000e+00
6.312300000000e-06,2.452261000000e+00
8.846700000000e-06,2.452261000000e+00
1.138110000000e-05,2.452261000000e+00
1.391550000000e-05,2.452261000000e+00
1.644990000000e-05,2.452261000000e+00
1.898430000000e-05,2.452261000000e+00
2.151870000000e-05,2.452261000000e+00
2.405310000000e-05,2.452261000000e+00
2.658750000000e-05,2.452261000000e+00
2.912190000000e-05,2.452261000000e+00
3.165630000000e-05,2.452261000000e+00
3.419070000000e-05,2.452261000000e+00
3.672510000000e-05,2.452261000000e+00
3.925950000000e-05,2.492462000000e+00
4.179390000000e-05,2.452261000000e+00
4.432830000000e-05,2.452261000000e+00
4.686270000000e-05,2.452261000000e+00
4.939710000000e-05,2.452261000000e+00
5.193150000000e-05,2.452261000000e+00
5.446590000000e-05,2.452261000000e+00
5.700030000000e-05,2.452261000000e+00
5.953470000000e-05,2.452261000000e+00
6.206910000000e-05,2.492462000000e+00
6.460350000000e-05,2.452261000000e+00
6.713790000000e-05,2.492462000000e+00
6.967230000000e-05,2.452261000000e+00
7.220670000000e-05,2.452261000000e+00
7.474110000000e-05,2.452261000000e+00
7.727550000000e-05,2.492462000000e+00
7.980990000000e-05,2.452261000000e+00
8.234430000000e-05,2.492462000000e+00
8.487870000000e-05,2.452261000000e+00
8.741310000000e-05,2.452261000000e+00
8.994750000000e-05,2.452261000000e+00
9.248190000000e-05,2.452261000000e+00
9.501630000000e-05,2.452261000000e+00
9.755070000000e-05,2.452261000000e+00
1.000851000000e-04,2.452261000000e+00
1.026195000000e-04,2.452261000000e+00
1.051539000000e-04,2.452261000000e+00
1.076883000000e-04,2.412060000000e+00
1.102227000000e-04,2.452261000000e+00
1.127571000000e-04,2.492462000000e+00
1.152915000000e-04,2.452261000000e+00
1.178259000000e-04,2.452261000000e+00
1.203603000000e-04,2.452261000000e+00
1.228947000000e-04,2.452261000000e+00
1.254291000000e-04,2.452261000000e+00
1.279635000000e-04,2.452261000000e+00
1.304979000000e-04,2.492462000000e+00
1.330323000000e-04,2.452261000000e+00
1.355667000000e-04,2.452261000000e+00
1.381011000000e-04,2.452261000000e+00
1.406355000000e-04,2.452261000000e+00
1.431699000000e-04,2.452261000000e+00
1.457043000000e-04,2.452261000000e+00
1.482387000000e-04,2.452261000000e+00
1.507731000000e-04,2.452261000000e+00
1.533075000000e-04,2.452261000000e+00
1.558419000000e-04,2.452261000000e+00
1.583763000000e-04,2.452261000000e+00
1.609107000000e-04,2.452261000000e+00
1.634451000000e-04,2.452261000000e+00
1.659795000000e-04,2.452261000000e+00
1.685139000000e-04,2.452261000000e+00
1.710483000000e-04,2.452261000000e+00
1.735827000000e-04,2.452261000000e+00
1.761171000000e-04,2.452261000000e+00
1.786515000000e-04,2.452261000000e+00
1.811859000000e-04,2.452261000000e+00
1.837203000000e-04,2.452261000000e+00
1.862547000000e-04,2.452261000000e+00
1.887891000000e-04,2.452261000000e+00
1.913235000000e-04,2.452261000000e+00
1.938579000000e-04,2.452261000000e+00
1.963923000000e-04,2.452261000000e+00
1.989267000000e-04,2.452261000000e+00
2.014611000000e-04,2.452261000000e+00
2.039955000000e-04,2.452261000000e+00
2.065299000000e-04,2.452261000000e+00
2.090643000000e-04,2.452261000000e+00
2.115987000000e-04,2.452261000000e+00
2.141331000000e-04,2.452261000000e+00
2.166675000000e-04,2.452261000000e+00
2.192019000000e-04,2.492462000000e+00
2.217363000000e-04,2.452261000000e+00
2.242707000000e-04,2.492462000000e+00
2.268051000000e-04,2.452261000000e+00
2.293395000000e-04,2.452261000000e+00
2.318739000000e-04,2.452261000000e+00
2.344083000000e-04,2.452261000000e+00
2.369427000000e-04,2.452261000000e+00
2.394771000000e-04,2.452261000000e+00
2.420115000000e-04,2.452261000000e+00
2.445459000000e-04,2.452261000000e+00
2.470803000000e-04,2.452261000000e+00
2.496147000000e-04,2.452261000000e+00
2.521491000000e-04,2.452261000000e+00
2.546835000000e-04,2.452261000000e+00
2.572179000000e-04,2.452261000000e+00
2.597523000000e-04,2.452261000000e+00
2.622867000000e-04,2.492462000000e+00
2.648211000000e-04,2.452261000000e+00
2.673555000000e-04,2.452261000000e+00
2.698899000000e-04,2.452261000000e+00
2.724243000000e-04,2.452261000000e+00
2.749587000000e-04,2.452261000000e+00
2.774931000000e-04,2.452261000000e+00
2.800275000000e-04,2.452261000000e+00
2.825619000000e-04,2.452261000000e+00
2.850963000000e-04,2.452261000000e+00
2.876307000000e-04,2.452261000000e+00
2.901651000000e-04,2.452261000000e+00
2.926995000000e-04,2.452261000000e+00
2.952339000000e-04,2.452261000000e+00
2.977683000000e-04,2.452261000000e+00
3.003027000000e-04,2.452261000000e+00
3.028371000000e-04,2.452261000000e+00
3.053715000000e-04,2.452261000000e+00
3.079059000000e-04,2.452261000000e+00
3.104403000000e-04,2.452261000000e+00
3.129747000000e-04,2.452261000000e+00
3.155091000000e-04,2.452261000000e+00
3.180435000000e-04,2.452261000000e+00
3.205779000000e-04,2.452261000000e+00
3.231123000000e-04,2.452261000000e+00
3.256467000000e-04,2.452261000000e+00
3.281811000000e-04,2.452261000000e+00
3.307155000000e-04,2.452261000000e+00
3.332499000000e-04,2.452261000000e+00
3.357843000000e-04,2.452261000000e+00
3.383187000000e-04,2.452261000000e+00
3.408531000000e-04,2.452261000000e+00
3.433875000000e-04,2.452261000000e+00
3.459219000000e-04,2.452261000000e+00
3.484563000000e-04,2.452261000000e+00
3.509907000000e-04,2.452261000000e+00
3.535251000000e-04,2.452261000000e+00
3.560595000000e-04,2.452261000000e+00
3.585939000000e-04,2.452261000000e+00
3.611283000000e-04,2.492462000000e+00
3.636627000000e-04,2.452261000000e+00
3.661971000000e-04,2.452261000000e+00
3.687315000000e-04,2.452261000000e+00
3.712659000000e-04,2.452261000000e+00
3.738003000000e-04,2.452261000000e+00
3.763347000000e-04,2.452261000000e+00
3.788691000000e-04,2.452261000000e+00
3.814035000000e-04,2.492462000000e+00
3.839379000000e-04,2.452261000000e+00
3.864723000000e-04,2.452261000000e+00
3.890067000000e-04,2.452261000000e+00
3.915411000000e-04,2.452261000000e+00
3.940755000000e-04,2.452261000000e+00
3.966099000000e-04,2.452261000000e+00
3.991443000000e-04,2.452261000000e+00
4.016787000000e-04,2.452261000000e+00
4.042131000000e-04,2.452261000000e+00
4.067475000000e-04,2.452261000000e+00
4.092819000000e-04,2.452261000000e+00
4.118163000000e-04,2.492462000000e+00
4.143507000000e-04,2.452261000000e+00
4.168851000000e-04,2.452261000000e+00
4.194195000000e-04,2.452261000000e+00
4.219539000000e-04,2.452261000000e+00
4.244883000000e-04,2.452261000000e+00
4.270227000000e-04,2.452261000000e+00
4.295571000000e-04,2.452261000000e+00
4.320915000000e-04,2.452261000000e+00
4.346259000000e-04,2.412060000000e+00
4.371603000000e-04,2.452261000000e+00
4.396947000000e-04,2.452261000000e+00
4.422291000000e-04,2.452261000000e+00
4.447635000000e-04,2.452261000000e+00
4.472979000000e-04,2.492462000000e+00
4.498323000000e-04,2.452261000000e+00
4.523667000000e-04,2.452261000000e+00
4.549011000000e-04,2.452261000000e+00
4.574355000000e-04,2.452261000000e+00
4.599699000000e-04,2.452261000000e+00
4.625043000000e-04,2.452261000000e+00
4.650387000000e-04,2.452261000000e+00
4.675731000000e-04,2.452261000000e+00
4.701075000000e-04,2.452261000000e+00
4.726419000000e-04,2.492462000000e+00
4.751763000000e-04,2.452261000000e+00
4.777107000000e-04,2.452261000000e+00
4.802451000000e-04,2.452261000000e+00
4.827795000000e-04,2.452261000000e+00
4.853139000000e-04,2.452261000000e+00
4.878483000000e-04,2.452261000000e+00
4.903827000000e-04,2.492462000000e+00
4.929171000000e-04,2.452261000000e+00
4.954515000000e-04,2.452261000000e+00
4.979859000000e-04,2.452261000000e+00
5.005203000000e-04,2.814070000000e-01
5.030547000000e-04,-4.020100000000e-02
5.055891000000e-04,-4.020100000000e-02
5.081235000000e-04,-4.020100000000e-02
5.106579000000e-04,-4.020100000000e-02
5.131923000000e-04,-4.020100000000e-02
5.157267000000e-04,-4.020100000000e-02
5.182611000000e-04,-4.020100000000e-02
5.207955000000e-04,-4.020100000000e-02
5.233299000000e-04,-4.020100000000e-02
5.258643000000e-04,-4.020100000000e-02
5.283987000000e-04,-4.020100000000e-02
5.309331000000e-04,-4.020100000000e-02
5.334675000000e-04,-4.020100000000e-02
5.360019000000e-04,-4.020100000000e-02
5.385363000000e-04,-4.020100000000e-02
5.410707000000e-04,-4.020100000000e-02
5.436051000000e-04,-4.020100000000e-02
5.461395000000e-04,-4.020100000000e-02
5.486739000000e-04,-4.020100000000e-02
5.512083000000e-04,-4.020100000000e-02
5.537427000000e-04,-4.020100000000e-02
5.562771000000e-04,-4.020100000000e-02
5.588115000000e-04,-4.020100000000e-02
5.613459000000e-04,-4.020100000000e-02
5.638803000000e-04,-4.020100000000e-02
5.664147000000e-04,-4.020100000000e-02
5.689491000000e-04,-4.020100000000e-02
5.714835000000e-04,-4.020100000000e-02
5.740179000000e-04,-4.020100000000e-02
5.765523000000e-04,-4.020100000000e-02
5.790867000000e-04,-4.020100000000e-02
5.816211000000e-04,-4.020100000000e-02
5.841555000000e-04,-4.020100000000e-02
5.866899000000e-04,-4.020100000000e-02
5.892243000000e-04,-4.020100000000e-02
5.917587000000e-04,-4.020100000000e-02
5.942931000000e-04,-4.020100000000e-02
5.968275000000e-04,-4.020100000000e-02
5.993619000000e-04,-4.020100000000e-02
6.018963000000e-04,-4.020100000000e-02
6.044307000000e-04,-4.020100000000e-02
6.069651000000e-04,-4.020100000000e-02
6.094995000000e-04,-4.020100000000e-02
6.120339000000e-04,-4.020100000000e-02
6.145683000000e-04,-4.020100000000e-02
6.171027000000e-04,-4.020100000000e-02
6.196371000000e-04,-4.020100000000e-02
6.221715000000e-04,-4.020100000000e-02
6.247059000000e-04,-4.020100000000e-02
6.272403000000e-04,-8.040200000000e-02
6.297747000000e-04,-4.020100000000e-02
6.323091000000e-04,-4.020100000000e-02
6.348435000000e-04,-4.020100000000e-02
6.373779000000e-04,-4.020100000000e-02
6.399123000000e-04,-4.020100000000e-02
6.424467000000e-04,-4.020100000000e-02
6.449811000000e-04,-4.020100000000e-02
6.475155000000e-04,-4.020100000000e-02
6.500499000000e-04,-4.020100000000e-02
6.525843000000e-04,-4.020100000000e-02
6.551187000000e-04,-4.020100000000e-02
6.576531000000e-04,0.000000000000e+00
6.601875000000e-04,-4.020100000000e-02
6.627219000000e-04,-4.020100000000e-02
6.652563000000e-04,-4.020100000000e-02
6.677907000000e-04,-4.020100000000e-02
6.703251000000e-04,-4.020100000000e-02
6.728595000000e-04,-4.020100000000e-02
6.753939000000e-04,-4.020100000000e-02
6.779283000000e-04,-4.020100000000e-02
6.804627000000e-04,-4.020100000000e-02
6.829971000000e-04,-4.020100000000e-02
6.855315000000e-04,-4.020100000000e-02
6.880659000000e-04,-4.020100000000e-02
6.906003000000e-04,-4.020100000000e-02
6.931347000000e-04,-4.020100000000e-02
6.956691000000e-04,-4.020100000000e-02
6.982035000000e-04,-4.020100000000e-02
7.007379000000e-04,-4.020100000000e-02
7.032723000000e-04,-4.020100000000e-02
7.058067000000e-04,-4.020100000000e-02
7.083411000000e-04,-4.020100000000e-02
7.108755000000e-04,-4.020100000000e-02
7.134099000000e-04,-4.020100000000e-02
7.159443000000e-04,-4.020100000000e-02
7.184787000000e-04,-4.020100000000e-02
7.210131000000e-04,-4.020100000000e-02
7.235475000000e-04,-4.020100000000e-02
7.260819000000e-04,-4.020100000000e-02
7.286163000000e-04,-4.020100000000e-02
7.311507000000e-04,-4.020100000000e-02
7.336851000000e-04,-4.020100000000e-02
7.362195000000e-04,-4.020100000000e-02
7.387539000000e-04,-4.020100000000e-02
7.412883000000e-04,-4.020100000000e-02
7.438227000000e-04,-4.020100000000e-02
7.463571000000e-04,-4.020100000000e-02
7.488915000000e-04,-8.040200000000e-02
7.514259000000e-04,-4.020100000000e-02
7.539603000000e-04,-4.020100000000e-02
7.564947000000e-04,-4.020100000000e-02
7.590291000000e-04,-4.020100000000e-02
7.615635000000e-04,-4.020100000000e-02
7.640979000000e-04,-4.020100000000e-02
7.666323000000e-04,-4.020100000000e-02
7.691667000000e-04,-4.020100000000e-02
7.717011000000e-04,-4.020100000000e-02
7.742355000000e-04,-4.020100000000e-02
7.767699000000e-04,-4.020100000000e-02
7.793043000000e-04,-8.040200000000e-02
7.818387000000e-04,-4.020100000000e-02
7.843731000000e-04,-4.020100000000e-02
7.869075000000e-04,-4.020100000000e-02
7.894419000000e-04,-4.020100000000e-02
7.919763000000e-04,-4.020100000000e-02
7.945107000000e-04,-4.020100000000e-02
7.970451000000e-04,-4.020100000000e-02
7.995795000000e-04,-4.020100000000e-02
8.021139000000e-04,-4.020100000000e-02
8.046483000000e-04,-4.020100000000e-02
8.071827000000e-04,-4.020100000000e-02
8.097171000000e-04,-4.020100000000e-02
8.122515000000e-04,-4.020100000000e-02
8.147859000000e-04,-4.020100000000e-02
8.173203000000e-04,-4.020100000000e-02
8.198547000000e-04,-4.020100000000e-02
8.223891000000e-04,-4.020100000000e-02
8.249235000000e-04,-4.020100000000e-02
8.274579000000e-04,-4.020100000000e-02
8.299923000000e-04,-4.020100000000e-02
8.325267000000e-04,-4.020100000000e-02
8.350611000000e-04,-4.020100000000e-02
8.375955000000e-04,-4.020100000000e-02
8.401299000000e-04,-4.020100000000e-02
8.426643000000e-04,-4.020100000000e-02
8.451987000000e-04,-4.020100000000e-02
8.477331000000e-04,-4.020100000000e-02
8.502675000000e-04,-4.020100000000e-02
8.528019000000e-04,-4.020100000000e-02
8.553363000000e-04,-4.020100000000e-02
8.578707000000e-04,-4.020100000000e-02
8.604051000000e-04,-4.020100000000e-02
8.629395000000e-04,-4.020100000000e-02
8.654739000000e-04,-4.020100000000e-02
8.680083000000e-04,-4.020100000000e-02
8.705427000000e-04,-4.020100000000e-02
8.730771000000e-04,-4.020100000000e-02
8.756115000000e-04,-4.020100000000e-02
8.781459000000e-04,-4.020100000000e-02
8.806803000000e-04,-4.020100000000e-02
8.832147000000e-04,-4.020100000000e-02
8.857491000000e-04,-4.020100000000e-02
8.882835000000e-04,-4.020100000000e-02
8.908179000000e-04,-4.020100000000e-02
8.933523000000e-04,-4.020100000000e-02
8.958867000000e-04,-4.020100000000e-02
8.984211000000e-04,-4.020100000000e-02
9.009555000000e-04,-4.020100000000e-02
9.034899000000e-04,-4.020100000000e-02
9.060243000000e-04,-4.020100000000e-02
9.085587000000e-04,-4.020100000000e-02
9.110931000000e-04,-4.020100000000e-02
9.136275000000e-04,-4.020100000000e-02
9.161619000000e-04,-4.020100000000e-02
9.186963000000e-04,-4.020100000000e-02
9.212307000000e-04,-4.020100000000e-02
9.237651000000e-04,-4.020100000000e-02
9.262995000000e-04,-4.020100000000e-02
9.288339000000e-04,-4.020100000000e-02
9.313683000000e-04,-8.040200000000e-02
9.339027000000e-04,-4.020100000000e-02
9.364371000000e-04,-4.020100000000e-02
9.389715000000e-04,-4.020100000000e-02
9.415059000000e-04,-4.020100000000e-02
9.440403000000e-04,-4.020100000000e-02
9.465747000000e-04,-4.020100000000e-02
9.491091000000e-04,-4.020100000000e-02
9.516435000000e-04,-4.020100000000e-02
9.541779000000e-04,-4.020100000000e-02
9.567123000000e-04,-4.020100000000e-02
9.592467000000e-04,-4.020100000000e-02
9.617811000000e-04,-4.020100000000e-02
9.643155000000e-04,-4.020100000000e-02
9.668499000000e-04,-4.020100000000e-02
9.693843000000e-04,-4.020100000000e-02
9.719187000000e-04,-4.020100000000e-02
9.744531000000e-04,-4.020100000000e-02
9.769875000000e-04,-4.020100000000e-02
9.795219000000e-04,-4.020100000000e-02
9.820563000000e-04,-4.020100000000e-02
9.845907000000e-04,-4.020100000000e-02
9.871251000000e-04,-4.020100000000e-02
9.896595000000e-04,-4.020100000000e-02
9.921939000000e-04,-4.020100000000e-02
9.947283000000e-04,-4.020100000000e-02
9.972627000000e-04,-4.020100000000e-02
9.997971000000e-04,5.628140000000e-01
1.002331500000e-03,2.452261000000e+00
1.004865900000e-03,2.452261000000e+00
1.007400300000e-03,2.452261000000e+00
1.009934700000e-03,2.452261000000e+00
1.012469100000e-03,2.452261000000e+00
1.015003500000e-03,2.452261000000e+00
1.017537900000e-03,2.452261000000e+00
1.020072300000e-03,2.452261000000e+00
1.022606700000e-03,2.452261000000e+00
1.025141100000e-03,2.452261000000e+00
1.027675500000e-03,2.452261000000e+00
1.030209900000e-03,2.452261000000e+00
1.032744300000e-03,2.452261000000e+00
1.035278700000e-03,2.452261000000e+00
1.037813100000e-03,2.452261000000e+00
1.040347500000e-03,2.452261000000e+00
1.042881900000e-03,2.452261000000e+00
1.045416300000e-03,2.452261000000e+00
1.047950700000e-03,2.452261000000e+00
1.050485100000e-03,2.452261000000e+00
1.053019500000e-03,2.452261000000e+00
1.055553900000e-03,2.412060000000e+00
1.058088300000e-03,2.452261000000e+00
1.060622700000e-03,2.452261000000e+00
1.063157100000e-03,2.452261000000e+00
1.065691500000e-03,2.452261000000e+00
1.068225900000e-03,2.452261000000e+00
1.070760300000e-03,2.412060000000e+00
1.073294700000e-03,2.452261000000e+00
1.075829100000e-03,2.452261000000e+00
1.078363500000e-03,2.452261000000e+00
1.080897900000e-03,2.492462000000e+00
1.083432300000e-03,2.412060000000e+00
1.085966700000e-03,2.452261000000e+00
1.088501100000e-03,2.452261000000e+00
1.091035500000e-03,2.452261000000e+00
1.093569900000e-03,2.452261000000e+00
1.096104300000e-03,2.452261000000e+00
1.098638700000e-03,2.452261000000e+00
1.101173100000e-03,2.492462000000e+00
1.103707500000e-03,2.452261000000e+00
1.106241900000e-03,2.452261000000e+00
1.108776300000e-03,2.452261000000e+00
1.111310700000e-03,2.452261000000e+00
1.113845100000e-03,2.452261000000e+00
1.116379500000e-03,2.452261000000e+00
1.118913900000e-03,2.452261000000e+00
1.121448300000e-03,2.452261000000e+00
1.123982700000e-03,2.452261000000e+00
1.126517100000e-03,2.452261000000e+00
1.129051500000e-03,2.452261000000e+00
1.131585900000e-03,2.492462000000e+00
1.134120300000e-03,2.452261000000e+00
1.136654700000e-03,2.452261000000e+00
1.139189100000e-03,2.452261000000e+00
1.141723500000e-03,2.452261000000e+00
1.144257900000e-03,2.452261000000e+00
1.146792300000e-03,2.452261000000e+00
1.149326700000e-03,2.452261000000e+00
1.151861100000e-03,2.452261000000e+00
1.154395500000e-03,2.452261000000e+00
1.156929900000e-03,2.452261000000e+00
1.159464300000e-03,2.452261000000e+00
1.161998700000e-03,2.452261000000e+00
1.164533100000e-03,2.452261000000e+00
1.167067500000e-03,2.452261000000e+00
1.169601900000e-03,2.452261000000e+00
1.172136300000e-03,2.452261000000e+00
1.174670700000e-03,2.452261000000e+00
1.177205100000e-03,2.452261000000e+00
1.179739500000e-03,2.452261000000e+00
1.182273900000e-03,2.452261000000e+00
1.184808300000e-03,2.452261000000e+00
1.187342700000e-03,2.452261000000e+00
1.189877100000e-03,2.452261000000e+00
1.192411500000e-03,2.492462000000e+00
1.194945900000e-03,2.452261000000e+00
1.197480300000e-03,2.452261000000e+00
1.200014700000e-03,2.452261000000e+00
1.202549100000e-03,2.452261000000e+00
1.205083500000e-03,2.452261000000e+00
1.207617900000e-03,2.452261000000e+00
1.210152300000e-03,2.452261000000e+00
1.212686700000e-03,2.452261000000e+00
1.215221100000e-03,2.452261000000e+00
1.217755500000e-03,2.452261000000e+00
1.220289900000e-03,2.452261000000e+00
1.222824300000e-03,2.452261000000e+00
1.225358700000e-03,2.452261000000e+00
1.227893100000e-03,2.452261000000e+00
1.230427500000e-03,2.452261000000e+00
1.232961900000e-03,2.452261000000e+00
1.235496300000e-03,2.452261000000e+00
1.238030700000e-03,2.452261000000e+00
1.240565100000e-03,2.452261000000e+00
1.243099500000e-03,2.452261000000e+00
1.245633900000e-03,2.492462000000e+00
1.248168300000e-03,2.492462000000e+00
1.250702700000e-03,2.452261000000e+00
1.253237100000e-03,2.452261000000e+00
1.255771500000e-03,2.452261000000e+00
1.258305900000e-03,2.452261000000e+00
1.260840300000e-03,2.452261000000e+00
1.263374700000e-03,2.452261000000e+00
1.265909100000e-03,2.452261000000e+00
1.268443500000e-03,2.452261000000e+00
1.270977900000e-03,2.452261000000e+00
1.273512300000e-03,2.492462000000e+00
1.276046700000e-03,2.452261000000e+00
1.278581100000e-03,2.452261000000e+00
1.281115500000e-03,2.492462000000e+00
1.283649900000e-03,2.452261000000e+00
1.286184300000e-03,2.452261000000e+00
1.288718700000e-03,2.452261000000e+00
1.291253100000e-03,2.452261000000e+00
1.293787500000e-03,2.452261000000e+00
1.296321900000e-03,2.452261000000e+00
1.298856300000e-03,2.452261000000e+00
1.301390700000e-03,2.452261000000e+00
1.303925100000e-03,2.452261000000e+00
1.306459500000e-03,2.452261000000e+00
1.308993900000e-03,2.452261000000e+00
1.311528300000e-03,2.492462000000e+00
1.314062700000e-03,2.452261000000e+00
1.316597100000e-03,2.492462000000e+00
1.319131500000e-03,2.452261000000e+00
1.321665900000e-03,2.452261000000e+00
1.324200300000e-03,2.492462000000e+00
1.326734700000e-03,2.492462000000e+00
1.329269100000e-03,2.412060000000e+00
1.331803500000e-03,2.452261000000e+00
1.334337900000e-03,2.492462000000e+00
1.336872300000e-03,2.452261000000e+00
1.339406700000e-03,2.452261000000e+00
1.341941100000e-03,2.452261000000e+00
1.344475500000e-03,2.492462000000e+00
1.347009900000e-03,2.452261000000e+00
1.349544300000e-03,2.452261000000e+00
1.352078700000e-03,2.452261000000e+00
1.354613100000e-03,2.452261000000e+00
1.357147500000e-03,2.452261000000e+00
1.359681900000e-03,2.452261000000e+00
1.362216300000e-03,2.452261000000e+00
1.364750700000e-03,2.452261000000e+00
1.367285100000e-03,2.452261000000e+00
1.369819500000e-03,2.452261000000e+00
1.372353900000e-03,2.452261000000e+00
1.374888300000e-03,2.452261000000e+00
1.377422700000e-03,2.452261000000e+00
1.379957100000e-03,2.452261000000e+00
1.382491500000e-03,2.452261000000e+00
1.385025900000e-03,2.452261000000e+00
1.387560300000e-03,2.452261000000e+00
1.390094700000e-03,2.452261000000e+00
1.392629100000e-03,2.452261000000e+00
1.395163500000e-03,2.452261000000e+00
1.397697900000e-03,2.452261000000e+00
1.400232300000e-03,2.492462000000e+00
1.402766700000e-03,2.452261000000e+00
1.405301100000e-03,2.452261000000e+00
1.407835500000e-03,2.452261000000e+00
1.410369900000e-03,2.492462000000e+00
1.412904300000e-03,2.452261000000e+00
1.415438700000e-03,2.452261000000e+00
1.417973100000e-03,2.452261000000e+00
1.420507500000e-03,2.452261000000e+00
1.423041900000e-03,2.452261000000e+00
1.425576300000e-03,2.452261000000e+00
1.428110700000e-03,2.452261000000e+00
1.430645100000e-03,2.492462000000e+00
1.433179500000e-03,2.452261000000e+00
1.435713900000e-03,2.452261000000e+00
1.438248300000e-03,2.452261000000e+00
1.440782700000e-03,2.492462000000e+00
1.443317100000e-03,2.452261000000e+00
1.445851500000e-03,2.452261000000e+00
1.448385900000e-03,2.452261000000e+00
1.450920300000e-03,2.452261000000e+00
1.453454700000e-03,2.452261000000e+00
1.455989100000e-03,2.452261000000e+00
1.458523500000e-03,2.452261000000e+00
1.461057900000e-03,2.452261000000e+00
1.463592300000e-03,2.452261000000e+00
1.466126700000e-03,2.492462000000e+00
1.468661100000e-03,2.452261000000e+00
1.471195500000e-03,2.452261000000e+00
1.473729900000e-03,2.452261000000e+00
1.476264300000e-03,2.492462000000e+00
1.478798700000e-03,2.452261000000e+00
1.481333100000e-03,2.452261000000e+00
1.483867500000e-03,2.452261000000e+00
1.486401900000e-03,2.452261000000e+00
1.488936300000e-03,2.452261000000e+00
1.491470700000e-03,2.452261000000e+00
1.494005100000e-03,2.492462000000e+00
1.496539500000e-03,2.452261000000e+00
1.499073900000e-03,2.452261000000e+00
1.501608300000e-03,-4.020100000000e-02
1.504142700000e-03,-4.020100000000e-02
1.506677100000e-03,-4.020100000000e-02
1.509211500000e-03,-4.020100000000e-02
1.511745900000e-03,-4.020100000000e-02
1.514280300000e-03,-4.020100000000e-02
1.516814700000e-03,-4.020100000000e-02
1.519349100000e-03,-4.020100000000e-02
1.521883500000e-03,-4.020100000000e-02
1.524417900000e-03,-4.020100000000e-02
1.526952300000e-03,-4.020100000000e-02
1.529486700000e-03,-4.020100000000e-02
1.532021100000e-03,-8.040200000000e-02
1.534555500000e-03,-4.020100000000e-02
1.537089900000e-03,-4.020100000000e-02
1.539624300000e-03,-4.020100000000e-02
1.542158700000e-03,-4.020100000000e-02
1.544693100000e-03,-4.020100000000e-02
1.547227500000e-03,-4.020100000000e-02
1.549761900000e-03,-4.020100000000e-02
1.552296300000e-03,-4.020100000000e-02
1.554830700000e-03,-4.020100000000e-02
1.557365100000e-03,-4.020100000000e-02
1.559899500000e-03,-4.020100000000e-02
1.562433900000e-03,-4.020100000000e-02
1.564968300000e-03,-4.020100000000e-02
1.567502700000e-03,-4.020100000000e-02
1.570037100000e-03,-4.020100000000e-02
1.572571500000e-03,-4.020100000000e-02
1.575105900000e-03,-4.020100000000e-02
1.577640300000e-03,-4.020100000000e-02
1.580174700000e-03,-4.020100000000e-02
1.582709100000e-03,0.000000000000e+00
1.585243500000e-03,-4.020100000000e-02
1.587777900000e-03,-4.020100000000e-02
1.590312300000e-03,-4.020100000000e-02
1.592846700000e-03,-4.020100000000e-02
1.595381100000e-03,-4.020100000000e-02
1.597915500000e-03,-4.020100000000e-02
1.600449900000e-03,-4.020100000000e-02
1.602984300000e-03,-4.020100000000e-02
1.605518700000e-03,-4.020100000000e-02
1.608053100000e-03,-4.020100000000e-02
1.610587500000e-03,-4.020100000000e-02
1.613121900000e-03,-4.020100000000e-02
1.615656300000e-03,-4.020100000000e-02
1.618190700000e-03,-4.020100000000e-02
1.620725100000e-03,-4.020100000000e-02
1.623259500000e-03,-4.020100000000e-02
1.625793900000e-03,-4.020100000000e-02
1.628328300000e-03,-4.020100000000e-02
1.630862700000e-03,-4.020100000000e-02
1.633397100000e-03,-4.020100000000e-02
1.635931500000e-03,-4.020100000000e-02
1.638465900000e-03,-4.020100000000e-02
1.641000300000e-03,-4.020100000000e-02
1.643534700000e-03,-4.020100000000e-02
1.646069100000e-03,-4.020100000000e-02
1.648603500000e-03,-4.020100000000e-02
1.651137900000e-03,-4.020100000000e-02
1.653672300000e-03,-4.020100000000e-02
1.656206700000e-03,-4.020100000000e-02
1.658741100000e-03,-4.020100000000e-02
1.661275500000e-03,-4.020100000000e-02
1.663809900000e-03,-4.020100000000e-02
1.666344300000e-03,-4.020100000000e-02
1.668878700000e-03,-4.020100000000e-02
1.671413100000e-03,-4.020100000000e-02
1.673947500000e-03,-4.020100000000e-02
1.676481900000e-03,0.000000000000e+00
1.679016300000e-03,-4.020100000000e-02
1.681550700000e-03,-4.020100000000e-02
1.684085100000e-03,-8.040200000000e-02
1.686619500000e-03,-4.020100000000e-02
1.689153900000e-03,-4.020100000000e-02
1.691688300000e-03,-4.020100000000e-02
1.694222700000e-03,-4.020100000000e-02
1.696757100000e-03,-8.040200000000e-02
1.699291500000e-03,-4.020100000000e-02
1.701825900000e-03,-4.020100000000e-02
1.704360300000e-03,-4.020100000000e-02
1.706894700000e-03,-4.020100000000e-02
1.709429100000e-03,-8.040200000000e-02
1.711963500000e-03,-8.040200000000e-02
1.714497900000e-03,-4.020100000000e-02
1.717032300000e-03,-4.020100000000e-02
1.719566700000e-03,-4.020100000000e-02
1.722101100000e-03,-4.020100000000e-02
1.724635500000e-03,-4.020100000000e-02
1.727169900000e-03,-4.020100000000e-02
1.729704300000e-03,-4.020100000000e-02
1.732238700000e-03,-4.020100000000e-02
1.734773100000e-03,-4.020100000000e-02
1.737307500000e-03,-4.020100000000e-02
1.739841900000e-03,-4.020100000000e-02
1.742376300000e-03,-4.020100000000e-02
1.744910700000e-03,-4.020100000000e-02
1.747445100000e-03,-4.020100000000e-02
1.749979500000e-03,-4.020100000000e-02
1.752513900000e-03,-4.020100000000e-02
1.755048300000e-03,-4.020100000000e-02
1.757582700000e-03,-4.020100000000e-02
1.760117100000e-03,-4.020100000000e-02
1.762651500000e-03,-4.020100000000e-02
1.765185900000e-03,-4.020100000000e-02
1.767720300000e-03,-4.020100000000e-02
1.770254700000e-03,0.000000000000e+00
1.772789100000e-03,-4.020100000000e-02
1.775323500000e-03,-4.020100000000e-02
1.777857900000e-03,-4.020100000000e-02
1.780392300000e-03,-4.020100000000e-02
1.782926700000e-03,-4.020100000000e-02
1.785461100000e-03,-4.020100000000e-02
1.787995500000e-03,-4.020100000000e-02
1.790529900000e-03,-4.020100000000e-02
1.793064300000e-03,-4.020100000000e-02
1.795598700000e-03,-4.020100000000e-02
1.798133100000e-03,-4.020100000000e-02
1.800667500000e-03,-4.020100000000e-02
1.803201900000e-03,-4.020100000000e-02
1.805736300000e-03,0.000000000000e+00
1.808270700000e-03,-4.020100000000e-02
1.810805100000e-03,-4.020100000000e-02
1.813339500000e-03,-4.020100000000e-02
1.815873900000e-03,-4.020100000000e-02
1.818408300000e-03,-4.020100000000e-02
1.820942700000e-03,-8.040200000000e-02
1.823477100000e-03,-4.020100000000e-02
1.826011500000e-03,-4.020100000000e-02
1.828545900000e-03,-4.020100000000e-02
1.831080300000e-03,-4.020100000000e-02
1.833614700000e-03,-4.020100000000e-02
1.836149100000e-03,-4.020100000000e-02
1.838683500000e-03,0.000000000000e+00
1.841217900000e-03,-4.020100000000e-02
1.843752300000e-03,-4.020100000000e-02
1.846286700000e-03,-4.020100000000e-02
1.848821100000e-03,-4.020100000000e-02
1.851355500000e-03,-4.020100000000e-02
1.853889900000e-03,-4.020100000000e-02
1.856424300000e-03,-4.020100000000e-02
1.858958700000e-03,-4.020100000000e-02
1.861493100000e-03,-4.020100000000e-02
1.864027500000e-03,-4.020100000000e-02
1.866561900000e-03,-4.020100000000e-02
1.869096300000e-03,-4.020100000000e-02
1.871630700000e-03,-4.020100000000e-02
1.874165100000e-03,-4.020100000000e-02
1.876699500000e-03,-4.020100000000e-02
1.879233900000e-03,-4.020100000000e-02
1.881768300000e-03,-4.020100000000e-02
1.884302700000e-03,-4.020100000000e-02
1.886837100000e-03,-4.020100000000e-02
1.889371500000e-03,-4.020100000000e-02
1.891905900000e-03,-4.020100000000e-02
1.894440300000e-03,-4.020100000000e-02
1.896974700000e-03,-4.020100000000e-02
1.899509100000e-03,-4.020100000000e-02
1.902043500000e-03,-4.020100000000e-02
1.904577900000e-03,-4.020100000000e-02
1.907112300000e-03,-4.020100000000e-02
1.909646700000e-03,-4.020100000000e-02
1.912181100000e-03,-4.020100000000e-02
1.914715500000e-03,-4.020100000000e-02
1.917249900000e-03,-4.020100000000e-02
1.919784300000e-03,-4.020100000000e-02
1.922318700000e-03,-4.020100000000e-02
1.924853100000e-03,-4.020100000000e-02
1.927387500000e-03,-4.020100000000e-02
1.929921900000e-03,-4.020100000000e-02
1.932456300000e-03,-4.020100000000e-02
1.934990700000e-03,-4.020100000000e-02
1.937525100000e-03,-4.020100000000e-02
1.940059500000e-03,-4.020100000000e-02
1.942593900000e-03,-4.020100000000e-02
1.945128300000e-03,-4.020100000000e-02
1.947662700000e-03,-4.020100000000e-02
1.950197100000e-03,-4.020100000000e-02
1.952731500000e-03,-4.020100000000e-02
1.955265900000e-03,-4.020100000000e-02
1.957800300000e-03,-4.020100000000e-02
1.960334700000e-03,-8.040200000000e-02
1.962869100000e-03,-4.020100000000e-02
1.965403500000e-03,-4.020100000000e-02
1.967937900000e-03,-4.020100000000e-02
1.970472300000e-03,-4.020100000000e-02
1.973006700000e-03,-4.020100000000e-02
1.975541100000e-03,-4.020100000000e-02
1.978075500000e-03,-4.020100000000e-02
1.980609900000e-03,-4.020100000000e-02
1.983144300000e-03,-4.020100000000e-02
1.985678700000e-03,-4.020100000000e-02
1.988213100000e-03,-4.020100000000e-02
1.990747500000e-03,-4.020100000000e-02
1.993281900000e-03,-4.020100000000e-02
1.995816300000e-03,-4.020100000000e-02
1.998350700000e-03,-4.020100000000e-02
2.000885100000e-03,2.452261000000e+00
2.003419500000e-03,2.452261000000e+00
2.005953900000e-03,2.452261000000e+00
2.008488300000e-03,2.452261000000e+00
2.011022700000e-03,2.452261000000e+00
2.013557100000e-03,2.452261000000e+00
2.016091500000e-03,2.452261000000e+00
2.018625900000e-03,2.492462000000e+00
2.021160300000e-03,2.452261000000e+00
2.023694700000e-03,2.452261000000e+00
2.026229100000e-03,2.452261000000e+00
2.028763500000e-03,2.452261000000e+00
2.031297900000e-03,2.452261000000e+00
2.033832300000e-03,2.452261000000e+00
2.036366700000e-03,2.452261000000e+00
2.038901100000e-03,2.452261000000e+00
2.041435500000e-03,2.452261000000e+00
2.043969900000e-03,2.492462000000e+00
2.046504300000e-03,2.452261000000e+00
2.049038700000e-03,2.492462000000e+00
2.051573100000e-03,2.452261000000e+00
2.054107500000e-03,2.452261000000e+00
2.056641900000e-03,2.452261000000e+00
2.059176300000e-03,2.452261000000e+00
2.061710700000e-03,2.452261000000e+00
2.064245100000e-03,2.452261000000e+00
2.066779500000e-03,2.452261000000e+00
2.069313900000e-03,2.452261000000e+00
2.071848300000e-03,2.492462000000e+00
2.074382700000e-03,2.452261000000e+00
2.076917100000e-03,2.452261000000e+00
2.079451500000e-03,2.452261000000e+00
2.081985900000e-03,2.452261000000e+00
2.084520300000e-03,2.452261000000e+00
2.087054700000e-03,2.452261000000e+00
2.089589100000e-03,2.452261000000e+00
2.092123500000e-03,2.452261000000e+00
2.094657900000e-03,2.492462000000e+00
2.097192300000e-03,2.492462000000e+00
2.099726700000e-03,2.452261000000e+00
2.102261100000e-03,2.452261000000e+00
2.104795500000e-03,2.452261000000e+00
2.107329900000e-03,2.452261000000e+00
2.109864300000e-03,2.452261000000e+00
2.112398700000e-03,2.452261000000e+00
2.114933100000e-03,2.452261000000e+00
2.117467500000e-03,2.452261000000e+00
2.120001900000e-03,2.492462000000e+00
2.122536300000e-03,2.452261000000e+00
2.125070700000e-03,2.412060000000e+00
2.127605100000e-03,2.452261000000e+00
2.130139500000e-03,2.452261000000e+00
2.132673900000e-03,2.452261000000e+00
2.135208300000e-03,2.452261000000e+00
2.137742700000e-03,2.452261000000e+00
2.140277100000e-03,2.452261000000e+00
2.142811500000e-03,2.492462000000e+00
2.145345900000e-03,2.452261000000e+00
2.147880300000e-03,2.452261000000e+00
2.150414700000e-03,2.452261000000e+00
2.152949100000e-03,2.452261000000e+00
2.155483500000e-03,2.492462000000e+00
2.158017900000e-03,2.452261000000e+00
2.160552300000e-03,2.452261000000e+00
2.163086700000e-03,2.452261000000e+00
2.165621100000e-03,2.492462000000e+00
2.168155500000e-03,2.452261000000e+00
2.170689900000e-03,2.452261000000e+00
2.173224300000e-03,2.492462000000e+00
2.175758700000e-03,2.452261000000e+00
2.178293100000e-03,2.452261000000e+00
2.180827500000e-03,2.452261000000e+00
2.183361900000e-03,2.452261000000e+00
2.185896300000e-03,2.452261000000e+00
2.188430700000e-03,2.452261000000e+00
2.190965100000e-03,2.452261000000e+00
2.193499500000e-03,2.492462000000e+00
2.196033900000e-03,2.492462000000e+00
2.198568300000e-03,2.452261000000e+00
2.201102700000e-03,2.492462000000e+00
2.203637100000e-03,2.452261000000e+00
2.206171500000e-03,2.452261000000e+00
2.208705900000e-03,2.452261000000e+00
2.211240300000e-03,2.452261000000e+00
2.213774700000e-03,2.452261000000e+00
2.216309100000e-03,2.452261000000e+00
2.218843500000e-03,2.452261000000e+00
2.221377900000e-03,2.452261000000e+00
2.223912300000e-03,2.452261000000e+00
2.226446700000e-03,2.452261000000e+00
2.228981100000e-03,2.452261000000e+00
2.231515500000e-03,2.412060000000e+00
2.234049900000e-03,2.452261000000e+00
2.236584300000e-03,2.452261000000e+00
2.239118700000e-03,2.452261000000e+00
2.241653100000e-03,2.452261000000e+00
2.244187500000e-03,2.412060000000e+00
2.246721900000e-03,2.452261000000e+00
2.249256300000e-03,2.452261000000e+00
2.251790700000e-03,2.452261000000e+00
2.254325100000e-03,2.492462000000e+00
2.256859500000e-03,2.412060000000e+00
2.259393900000e-03,2.452261000000e+00
2.261928300000e-03,2.412060000000e+00
2.264462700000e-03,2.452261000000e+00
2.266997100000e-03,2.452261000000e+00
2.269531500000e-03,2.492462000000e+00
2.272065900000e-03,2.452261000000e+00
2.274600300000e-03,2.452261000000e+00
2.277134700000e-03,2.452261000000e+00
2.279669100000e-03,2.452261000000e+00
2.282203500000e-03,2.452261000000e+00
2.284737900000e-03,2.452261000000e+00
2.287272300000e-03,2.452261000000e+00
2.289806700000e-03,2.452261000000e+00
2.292341100000e-03,2.452261000000e+00
2.294875500000e-03,2.452261000000e+00
2.297409900000e-03,2.492462000000e+00
2.299944300000e-03,2.452261000000e+00
2.302478700000e-03,2.452261000000e+00
2.305013100000e-03,2.452261000000e+00
2.307547500000e-03,2.452261000000e+00
2.310081900000e-03,2.452261000000e+00
2.312616300000e-03,2.452261000000e+00
2.315150700000e-03,2.452261000000e+00
2.317685100000e-03,2.452261000000e+00
2.320219500000e-03,2.452261000000e+00
2.322753900000e-03,2.452261000000e+00
2.325288300000e-03,2.452261000000e+00
2.327822700000e-03,2.452261000000e+00
2.330357100000e-03,2.452261000000e+00
2.332891500000e-03,2.452261000000e+00
2.335425900000e-03,2.452261000000e+00
2.337960300000e-03,2.452261000000e+00
2.340494700000e-03,2.492462000000e+00
2.343029100000e-03,2.452261000000e+00
2.345563500000e-03,2.452261000000e+00
2.348097900000e-03,2.452261000000e+00
2.350632300000e-03,2.452261000000e+00
2.353166700000e-03,2.452261000000e+00
2.355701100000e-03,2.452261000000e+00
2.358235500000e-03,2.452261000000e+00
2.360769900000e-03,2.412060000000e+00
2.363304300000e-03,2.452261000000e+00
2.365838700000e-03,2.452261000000e+00
2.368373100000e-03,2.452261000000e+00
2.370907500000e-03,2.452261000000e+00
2.373441900000e-03,2.452261000000e+00
2.375976300000e-03,2.412060000000e+00
2.378510700000e-03,2.452261000000e+00
2.381045100000e-03,2.452261000000e+00
2.383579500000e-03,2.452261000000e+00
2.386113900000e-03,2.452261000000e+00
2.388648300000e-03,2.452261000000e+00
2.391182700000e-03,2.452261000000e+00
2.393717100000e-03,2.452261000000e+00
2.396251500000e-03,2.452261000000e+00
2.398785900000e-03,2.452261000000e+00
2.401320300000e-03,2.452261000000e+00
2.403854700000e-03,2.452261000000e+00
2.406389100000e-03,2.452261000000e+00
2.408923500000e-03,2.452261000000e+00
2.411457900000e-03,2.452261000000e+00
2.413992300000e-03,2.452261000000e+00
2.416526700000e-03,2.492462000000e+00
2.419061100000e-03,2.452261000000e+00
2.421595500000e-03,2.452261000000e+00
2.424129900000e-03,2.452261000000e+00
2.426664300000e-03,2.492462000000e+00
2.429198700000e-03,2.452261000000e+00
2.431733100000e-03,2.452261000000e+00
2.434267500000e-03,2.452261000000e+00
2.436801900000e-03,2.452261000000e+00
2.439336300000e-03,2.492462000000e+00
2.441870700000e-03,2.452261000000e+00
2.444405100000e-03,2.452261000000e+00
2.446939500000e-03,2.452261000000e+00
2.449473900000e-03,2.452261000000e+00
2.452008300000e-03,2.452261000000e+00
2.454542700000e-03,2.452261000000e+00
2.457077100000e-03,2.452261000000e+00
2.459611500000e-03,2.452261000000e+00
2.462145900000e-03,2.452261000000e+00
2.464680300000e-03,2.452261000000e+00
2.467214700000e-03,2.452261000000e+00
2.469749100000e-03,2.452261000000e+00
2.472283500000e-03,2.452261000000e+00
2.474817900000e-03,2.492462000000e+00
2.477352300000e-03,2.452261000000e+00
2.479886700000e-03,2.452261000000e+00
2.482421100000e-03,2.492462000000e+00
2.484955500000e-03,2.452261000000e+00
2.487489900000e-03,2.452261000000e+00
